OrderDate,Region,Carrier,TransportMode,DistanceKM,ShipmentVolumeUnits,WarehouseHandlingHrs,FuelSurchargePct,DeliveryTimeHrs
2025-01-01 00:00:00.000000000,East,Carrier A,Air,520.07,43,7.59,14.71,6.43
2025-01-01 10:56:01.201501877,West,Carrier B,Road,842.26,95,6.77,6.45,21.36
2025-01-01 21:52:02.403003754,North,Carrier A,Rail,605.31,91,4.74,4.28,15.04
2025-01-02 08:48:03.604505632,East,Carrier A,Rail,919.74,11,7.83,7.01,18.11
2025-01-02 19:44:04.806007509,East,Carrier B,Road,220.09,49,6.49,15.59,10.39
2025-01-03 06:40:06.007509386,West,Carrier D,Air,1321.7,38,9.06,3.42,7.16
2025-01-03 17:36:07.209011264,North,Carrier D,Sea,215.65,64,8.36,17.87,15.03
2025-01-04 04:32:08.410513141,North,Carrier A,Sea,2010.87,69,3.28,10.66,58.58
2025-01-04 15:28:09.612015018,East,Carrier B,Rail,622.59,8,3.44,17.76,14.58
2025-01-05 02:24:10.813516896,South,Carrier A,Road,1373.03,34,2.13,17.02,23.84
2025-01-05 13:20:12.015018773,East,Carrier C,Sea,2206.19,48,4.03,9.25,68.04
2025-01-06 00:16:13.216520650,East,Carrier C,Sea,1644.65,56,10.0,5.18,59.67
2025-01-06 11:12:14.418022528,East,Carrier A,Road,1355.75,76,4.65,4.64,27.03
2025-01-06 22:08:15.619524405,East,Carrier D,Sea,844.62,65,2.98,5.84,25.22
2025-01-07 09:04:16.821026282,West,Carrier D,Sea,865.85,31,7.86,13.36,30.52
2025-01-07 20:00:18.022528160,North,Carrier A,Rail,1690.24,4,5.88,6.37,28.96
2025-01-08 06:56:19.224030037,West,Carrier A,Rail,2485.64,50,2.35,7.46,38.99
2025-01-08 17:52:20.425531914,West,Carrier C,Road,1671.51,69,4.43,9.18,33.57
2025-01-09 04:48:21.627033792,West,Carrier D,Road,1416.57,30,4.73,16.61,28.02
2025-01-09 15:44:22.828535669,East,Carrier A,Road,1840.09,88,7.78,5.03,36.8
2025-01-10 02:40:24.030037546,South,Carrier C,Sea,1189.75,59,1.19,2.08,38.7
2025-01-10 13:36:25.231539424,North,Carrier D,Road,197.35,67,3.42,2.96,10.71
2025-01-11 00:32:26.433041301,South,Carrier B,Road,1427.63,75,5.66,16.48,32.85
2025-01-11 11:28:27.634543178,West,Carrier C,Road,2396.18,45,3.42,12.36,45.2
2025-01-11 22:24:28.836045056,West,Carrier D,Rail,479.49,4,6.66,6.37,15.15
2025-01-12 09:20:30.037546933,South,Carrier D,Sea,1740.51,26,5.34,4.84,57.15
2025-01-12 20:16:31.239048811,South,Carrier C,Road,542.29,27,4.26,6.71,13.56
2025-01-13 07:12:32.440550688,South,Carrier B,Road,1362.78,46,9.54,3.84,34.41
2025-01-13 18:08:33.642052565,West,Carrier C,Air,286.86,64,6.69,17.06,9.84
2025-01-14 05:04:34.843554443,West,Carrier D,Rail,1153.41,91,2.17,14.55,15.04
2025-01-14 16:00:36.045056320,North,Carrier A,Road,1902.6,51,6.04,9.4,42.83
2025-01-15 02:56:37.246558197,North,Carrier A,Rail,901.55,50,8.03,15.84,20.23
2025-01-15 13:52:38.448060075,West,Carrier C,Road,1679.03,6,7.38,5.99,35.46
2025-01-16 00:48:39.649561952,South,Carrier D,Road,1998.85,59,2.55,13.47,36.62
2025-01-16 11:44:40.851063829,South,Carrier A,Rail,2321.59,15,9.75,15.7,41.01
2025-01-16 22:40:42.052565707,North,Carrier D,Road,624.87,30,5.04,7.71,13.74
2025-01-17 09:36:43.254067584,West,Carrier C,Sea,1028.32,42,2.43,14.12,35.71
2025-01-17 20:32:44.455569461,North,Carrier A,Road,423.42,37,2.62,6.72,11.4
2025-01-18 07:28:45.657071339,North,Carrier D,Rail,2481.58,42,1.88,6.78,39.68
2025-01-18 18:24:46.858573216,East,Carrier A,Rail,2321.15,35,8.23,3.71,42.63
2025-01-19 05:20:48.060075093,East,Carrier C,Road,1372.89,87,2.1,9.04,27.19
2025-01-19 16:16:49.261576971,East,Carrier D,Rail,2112.98,6,2.13,13.68,32.48
2025-01-20 03:12:50.463078848,South,Carrier A,Road,1326.35,68,8.65,17.04,31.9
2025-01-20 14:08:51.664580725,West,Carrier C,Sea,1577.78,18,4.1,11.66,48.49
2025-01-21 01:04:52.866082603,West,Carrier A,Road,268.35,73,1.28,15.81,3.06
2025-01-21 12:00:54.067584480,West,Carrier A,Road,1900.41,29,1.47,15.16,38.4
2025-01-21 22:56:55.269086357,West,Carrier B,Road,362.9,77,2.28,4.77,4.89
2025-01-22 09:52:56.470588235,East,Carrier B,Sea,2073.87,59,2.92,9.77,59.84
2025-01-22 20:48:57.672090112,South,Carrier C,Rail,1965.97,47,6.99,3.87,39.5
2025-01-23 07:44:58.873591989,South,Carrier B,Rail,1786.42,17,2.42,12.91,28.24
2025-01-23 18:41:00.075093867,East,Carrier C,Road,138.59,96,2.07,17.2,4.98
2025-01-24 05:37:01.276595744,South,Carrier B,Air,792.66,22,7.88,4.19,10.5
2025-01-24 16:33:02.478097622,East,Carrier A,Road,694.63,68,7.04,13.74,16.28
2025-01-25 03:29:03.679599499,West,Carrier C,Sea,932.33,69,4.92,12.12,28.49
2025-01-25 14:25:04.881101376,East,Carrier C,Road,264.72,37,5.94,11.34,9.78
2025-01-26 01:21:06.082603254,West,Carrier A,Road,2345.55,49,3.81,8.24,44.47
2025-01-26 12:17:07.284105131,West,Carrier C,Road,1406.82,13,5.34,7.68,30.76
2025-01-26 23:13:08.485607008,North,Carrier C,Rail,798.53,34,5.56,2.72,18.04
2025-01-27 10:09:09.687108886,East,Carrier B,Rail,1022.6,86,4.49,5.49,22.15
2025-01-27 21:05:10.888610763,North,Carrier C,Road,1145.65,53,9.16,2.24,31.77
2025-01-28 08:01:12.090112640,East,Carrier D,Air,1521.46,87,1.14,11.3,1.3
2025-01-28 18:57:13.291614518,East,Carrier A,Rail,1313.41,51,8.04,3.69,25.98
2025-01-29 05:53:14.493116395,North,Carrier B,Rail,2302.51,3,2.12,15.97,33.59
2025-01-29 16:49:15.694618272,North,Carrier B,Road,1267.56,42,8.18,10.37,28.99
2025-01-30 03:45:16.896120150,East,Carrier D,Road,2480.79,98,6.54,13.2,48.91
2025-01-30 14:41:18.097622027,South,Carrier A,Rail,2135.99,32,8.59,8.57,42.77
2025-01-31 01:37:19.299123904,West,Carrier A,Road,560.85,51,1.88,10.97,12.1
2025-01-31 12:33:20.500625782,North,Carrier B,Road,2329.96,85,6.03,17.08,47.9
2025-01-31 23:29:21.702127659,West,Carrier C,Sea,335.1,46,5.51,3.32,16.15
2025-02-01 10:25:22.903629536,South,Carrier B,Sea,2052.75,21,7.36,6.06,67.18
2025-02-01 21:21:24.105131414,South,Carrier A,Road,982.53,44,5.81,14.48,26.13
2025-02-02 08:17:25.306633291,South,Carrier D,Road,2201.04,11,5.87,3.58,44.25
2025-02-02 19:13:26.508135169,North,Carrier B,Rail,2176.74,68,4.87,3.21,36.85
2025-02-03 06:09:27.709637046,South,Carrier A,Road,2024.52,1,3.78,7.78,38.58
2025-02-03 17:05:28.911138923,North,Carrier B,Road,1985.57,92,5.34,3.47,41.02
2025-02-04 04:01:30.112640801,South,Carrier C,Road,796.46,63,2.07,11.36,16.67
2025-02-04 14:57:31.314142678,West,Carrier B,Air,248.25,24,9.65,5.62,10.38
2025-02-05 01:53:32.515644555,West,Carrier B,Rail,1037.3,99,7.43,16.33,22.49
2025-02-05 12:49:33.717146433,East,Carrier A,Road,475.14,13,9.57,14.54,19.98
2025-02-05 23:45:34.918648310,West,Carrier A,Road,1752.63,98,3.04,13.2,33.59
2025-02-06 10:41:36.120150187,East,Carrier A,Road,897.94,11,8.91,11.87,25.64
2025-02-06 21:37:37.321652065,West,Carrier B,Rail,2440.24,100,8.28,15.82,41.47
2025-02-07 08:33:38.523153942,North,Carrier C,Road,1620.38,51,7.09,5.57,42.98
2025-02-07 19:29:39.724655819,West,Carrier D,Road,2065.08,17,6.63,15.97,42.16
2025-02-08 06:25:40.926157697,East,Carrier D,Air,374.69,99,3.85,14.63,2.88
2025-02-08 17:21:42.127659574,East,Carrier A,Road,2161.94,82,8.35,13.97,49.6
2025-02-09 04:17:43.329161451,South,Carrier A,Rail,2310.76,86,5.51,10.98,37.58
2025-02-09 15:13:44.530663329,North,Carrier B,Road,1243.3,24,1.64,5.94,26.19
2025-02-10 02:09:45.732165206,West,Carrier D,Road,1535.32,19,3.82,8.78,32.07
2025-02-10 13:05:46.933667083,South,Carrier A,Road,1923.78,37,9.42,14.7,43.51
2025-02-11 00:01:48.135168961,West,Carrier C,Air,478.35,85,8.66,2.51,7.74
2025-02-11 10:57:49.336670838,West,Carrier C,Sea,1281.29,8,9.84,14.51,44.71
2025-02-11 21:53:50.538172715,South,Carrier A,Sea,1026.72,28,6.65,5.84,35.12
2025-02-12 08:49:51.739674593,South,Carrier A,Road,408.62,5,3.23,4.31,10.27
2025-02-12 19:45:52.941176470,South,Carrier D,Rail,950.46,17,2.47,3.85,14.21
2025-02-13 06:41:54.142678347,South,Carrier D,Road,217.02,36,2.68,2.44,6.39
2025-02-13 17:37:55.344180225,South,Carrier B,Road,113.24,19,1.18,10.38,1.0
2025-02-14 04:33:56.545682102,West,Carrier D,Sea,381.16,64,4.52,5.49,17.07
2025-02-14 15:29:57.747183979,South,Carrier C,Road,2409.63,91,2.72,17.83,48.62
2025-02-15 02:25:58.948685857,North,Carrier C,Road,1396.35,98,4.7,11.19,28.54
2025-02-15 13:22:00.150187734,East,Carrier A,Road,2416.26,11,9.41,4.21,51.67
2025-02-16 00:18:01.351689611,South,Carrier D,Road,1109.62,54,4.87,13.02,25.44
2025-02-16 11:14:02.553191489,South,Carrier B,Road,813.95,45,8.9,16.36,26.48
2025-02-16 22:10:03.754693366,West,Carrier C,Rail,1290.05,47,6.45,13.92,28.15
2025-02-17 09:06:04.956195244,South,Carrier C,Road,1126.8,12,3.22,3.22,20.63
2025-02-17 20:02:06.157697121,South,Carrier B,Sea,308.88,21,4.2,16.33,15.24
2025-02-18 06:58:07.359198998,South,Carrier B,Sea,1620.02,11,1.76,14.7,47.91
2025-02-18 17:54:08.560700876,West,Carrier C,Road,579.29,92,4.0,4.53,14.44
2025-02-19 04:50:09.762202753,South,Carrier C,Road,1567.99,5,7.1,2.83,36.72
2025-02-19 15:46:10.963704630,East,Carrier B,Road,1642.99,81,1.65,10.92,30.46
2025-02-20 02:42:12.165206508,West,Carrier C,Rail,422.46,56,2.85,4.5,11.3
2025-02-20 13:38:13.366708385,East,Carrier A,Road,200.31,20,4.43,15.35,11.21
2025-02-21 00:34:14.568210262,West,Carrier A,Rail,1962.87,41,9.84,7.73,41.09
2025-02-21 11:30:15.769712140,South,Carrier B,Road,1176.51,46,8.06,16.61,25.4
2025-02-21 22:26:16.971214017,East,Carrier D,Rail,192.5,12,7.6,11.05,9.85
2025-02-22 09:22:18.172715895,West,Carrier B,Road,2487.42,70,2.05,4.92,43.01
2025-02-22 20:18:19.374217772,North,Carrier B,Road,191.56,17,8.03,4.23,9.83
2025-02-23 07:14:20.575719649,South,Carrier D,Sea,1752.84,19,8.07,11.22,52.87
2025-02-23 18:10:21.777221527,West,Carrier D,Air,2460.01,26,6.41,14.19,11.19
2025-02-24 05:06:22.978723404,North,Carrier D,Road,635.99,48,9.91,14.5,21.96
2025-02-24 16:02:24.180225281,West,Carrier A,Sea,398.51,52,3.93,6.41,14.36
2025-02-25 02:58:25.381727159,North,Carrier C,Rail,347.39,96,9.47,5.27,12.69
2025-02-25 13:54:26.583229036,South,Carrier A,Sea,793.02,70,9.23,2.27,32.58
2025-02-26 00:50:27.784730913,East,Carrier C,Air,297.56,55,1.1,12.87,1.0
2025-02-26 11:46:28.986232791,North,Carrier A,Road,1745.8,100,5.05,3.23,34.42
2025-02-26 22:42:30.187734668,West,Carrier C,Road,202.61,75,9.79,8.73,10.83
2025-02-27 09:38:31.389236545,South,Carrier A,Road,1298.08,33,1.93,11.63,25.08
2025-02-27 20:34:32.590738423,North,Carrier D,Rail,2491.91,62,5.93,16.99,40.25
2025-02-28 07:30:33.792240300,West,Carrier B,Rail,2044.23,88,9.81,6.99,38.17
2025-02-28 18:26:34.993742177,West,Carrier A,Road,1557.29,23,6.0,6.0,35.46
2025-03-01 05:22:36.195244055,West,Carrier C,Road,800.32,15,2.71,12.47,19.38
2025-03-01 16:18:37.396745932,North,Carrier D,Sea,1578.54,27,6.24,11.91,54.53
2025-03-02 03:14:38.598247809,North,Carrier A,Sea,1341.25,75,2.84,7.31,41.29
2025-03-02 14:10:39.799749687,North,Carrier A,Rail,1093.9,64,5.68,16.85,22.07
2025-03-03 01:06:41.001251564,East,Carrier D,Road,370.24,81,1.67,15.52,8.81
2025-03-03 12:02:42.202753441,North,Carrier A,Road,2222.18,51,6.45,5.58,43.17
2025-03-03 22:58:43.404255319,North,Carrier B,Road,1151.97,53,5.65,5.83,25.78
2025-03-04 09:54:44.605757196,North,Carrier A,Sea,526.83,78,7.66,10.2,21.91
2025-03-04 20:50:45.807259073,East,Carrier B,Road,951.01,91,6.68,14.38,22.84
2025-03-05 07:46:47.008760951,North,Carrier B,Rail,1064.62,82,5.95,2.7,21.07
2025-03-05 18:42:48.210262828,West,Carrier D,Road,2077.47,92,7.21,13.09,44.5
2025-03-06 05:38:49.411764705,North,Carrier A,Rail,1847.36,51,2.3,12.37,26.52
2025-03-06 16:34:50.613266583,West,Carrier D,Rail,1934.8,47,6.36,5.7,33.67
2025-03-07 03:30:51.814768460,West,Carrier A,Sea,77.03,4,2.55,12.9,3.34
2025-03-07 14:26:53.016270338,West,Carrier A,Road,1069.58,7,9.33,17.04,23.01
2025-03-08 01:22:54.217772215,East,Carrier C,Road,1229.29,35,1.62,2.75,20.89
2025-03-08 12:18:55.419274092,East,Carrier A,Road,97.02,48,4.87,7.11,6.83
2025-03-08 23:14:56.620775970,East,Carrier D,Sea,686.54,73,7.26,9.01,29.28
2025-03-09 10:10:57.822277847,North,Carrier B,Sea,1912.71,72,5.12,16.39,54.43
2025-03-09 21:06:59.023779724,West,Carrier A,Rail,385.92,45,1.83,17.4,5.43
2025-03-10 08:03:00.225281602,East,Carrier C,Rail,1361.51,81,5.98,9.11,26.38
2025-03-10 18:59:01.426783479,East,Carrier D,Rail,577.24,81,6.77,14.0,16.95
2025-03-11 05:55:02.628285356,North,Carrier A,Road,79.7,97,7.33,10.51,7.86
2025-03-11 16:51:03.829787234,East,Carrier D,Sea,640.94,96,4.36,10.6,21.17
2025-03-12 03:47:05.031289111,North,Carrier C,Road,2440.89,72,6.07,6.45,53.14
2025-03-12 14:43:06.232790988,South,Carrier C,Road,2013.77,19,5.06,5.47,43.42
2025-03-13 01:39:07.434292866,East,Carrier D,Rail,2400.96,63,7.05,6.61,43.24
2025-03-13 12:35:08.635794743,South,Carrier A,Road,1245.24,38,6.25,10.9,27.86
2025-03-13 23:31:09.837296620,North,Carrier B,Road,318.85,67,5.73,2.47,13.98
2025-03-14 10:27:11.038798498,West,Carrier C,Air,1392.5,59,3.25,16.52,1.11
2025-03-14 21:23:12.240300375,East,Carrier A,Road,1163.22,69,1.02,4.5,24.66
2025-03-15 08:19:13.441802252,North,Carrier A,Rail,2118.67,13,2.57,5.52,32.69
2025-03-15 19:15:14.643304130,West,Carrier B,Road,290.3,47,2.05,10.29,7.62
2025-03-16 06:11:15.844806007,West,Carrier C,Road,1246.19,61,5.04,13.36,25.62
2025-03-16 17:07:17.046307884,South,Carrier C,Road,417.62,31,6.51,3.53,10.11
2025-03-17 04:03:18.247809762,North,Carrier A,Road,845.46,80,2.92,7.08,18.53
2025-03-17 14:59:19.449311639,West,Carrier A,Air,1856.52,96,9.45,17.5,13.52
2025-03-18 01:55:20.650813516,East,Carrier B,Road,1216.24,22,1.06,6.2,24.72
2025-03-18 12:51:21.852315394,East,Carrier B,Rail,970.93,93,7.95,7.01,23.13
2025-03-18 23:47:23.053817271,South,Carrier C,Rail,1016.47,86,6.63,15.38,21.96
2025-03-19 10:43:24.255319148,West,Carrier D,Rail,1175.64,43,4.36,2.8,19.12
2025-03-19 21:39:25.456821026,North,Carrier C,Sea,1973.29,67,1.45,9.43,59.52
2025-03-20 08:35:26.658322903,East,Carrier A,Air,2235.61,54,6.65,8.07,7.81
2025-03-20 19:31:27.859824780,West,Carrier C,Road,2390.57,10,4.47,7.07,50.37
2025-03-21 06:27:29.061326658,West,Carrier D,Road,1977.91,42,9.43,6.57,45.2
2025-03-21 17:23:30.262828535,South,Carrier B,Road,822.75,64,5.88,3.46,20.73
2025-03-22 04:19:31.464330412,East,Carrier D,Rail,1735.93,21,9.46,7.04,36.16
2025-03-22 15:15:32.665832290,East,Carrier D,Road,1122.13,80,2.98,2.69,25.59
2025-03-23 02:11:33.867334167,North,Carrier D,Rail,673.94,76,7.53,14.5,18.85
2025-03-23 13:07:35.068836045,East,Carrier B,Rail,2110.14,66,6.56,8.37,34.9
2025-03-24 00:03:36.270337922,North,Carrier D,Road,144.14,41,7.65,9.1,11.95
2025-03-24 10:59:37.471839799,East,Carrier D,Air,2259.32,24,2.93,16.3,4.62
2025-03-24 21:55:38.673341677,South,Carrier D,Road,1180.62,35,6.98,12.53,30.18
2025-03-25 08:51:39.874843554,East,Carrier A,Road,1611.14,56,5.48,2.13,31.64
2025-03-25 19:47:41.076345431,North,Carrier D,Air,1665.42,30,7.69,17.09,10.04
2025-03-26 06:43:42.277847309,North,Carrier B,Rail,2243.04,57,3.94,5.79,34.18
2025-03-26 17:39:43.479349186,South,Carrier D,Rail,1609.84,94,9.01,3.72,33.92
2025-03-27 04:35:44.680851063,East,Carrier D,Road,1554.14,47,1.76,14.29,32.47
2025-03-27 15:31:45.882352941,East,Carrier B,Road,213.3,35,8.26,10.01,12.58
2025-03-28 02:27:47.083854818,South,Carrier D,Sea,1320.1,19,8.75,8.94,46.83
2025-03-28 13:23:48.285356695,East,Carrier B,Air,417.91,8,8.36,5.99,10.55
2025-03-29 00:19:49.486858573,East,Carrier D,Rail,1856.71,26,5.61,10.76,34.61
2025-03-29 11:15:50.688360450,North,Carrier B,Road,1304.94,71,4.95,6.39,28.75
2025-03-29 22:11:51.889862327,East,Carrier D,Rail,1716.56,30,9.97,16.43,33.39
2025-03-30 09:07:53.091364205,East,Carrier D,Road,152.1,7,3.06,5.44,7.25
2025-03-30 20:03:54.292866082,South,Carrier A,Road,257.74,67,5.92,16.15,6.52
2025-03-31 06:59:55.494367959,South,Carrier A,Sea,1804.99,65,7.04,10.95,60.61
2025-03-31 17:55:56.695869837,West,Carrier D,Road,226.61,36,7.31,15.26,9.87
2025-04-01 04:51:57.897371714,North,Carrier D,Sea,224.58,25,2.84,13.41,8.72
2025-04-01 15:47:59.098873591,East,Carrier C,Road,79.67,37,6.89,13.15,10.35
2025-04-02 02:44:00.300375469,East,Carrier B,Road,2393.43,1,8.37,7.19,50.97
2025-04-02 13:40:01.501877346,West,Carrier C,Rail,1856.9,15,1.45,5.74,29.4
2025-04-03 00:36:02.703379223,East,Carrier A,Sea,915.47,37,9.2,5.37,37.87
2025-04-03 11:32:03.904881101,North,Carrier A,Air,776.51,13,1.27,15.72,2.7
2025-04-03 22:28:05.106382978,West,Carrier A,Sea,906.77,8,4.2,15.13,30.8
2025-04-04 09:24:06.307884855,North,Carrier A,Rail,1947.9,5,1.14,9.05,28.71
2025-04-04 20:20:07.509386733,West,Carrier D,Rail,1670.36,60,1.69,4.12,25.81
2025-04-05 07:16:08.710888610,West,Carrier A,Sea,503.73,73,9.2,8.12,21.14
2025-04-05 18:12:09.912390488,South,Carrier D,Road,476.57,1,4.19,11.91,12.21
2025-04-06 05:08:11.113892365,North,Carrier D,Rail,291.07,36,4.82,9.27,6.15
2025-04-06 16:04:12.315394242,East,Carrier A,Road,1667.74,35,2.94,14.48,31.28
2025-04-07 03:00:13.516896120,East,Carrier A,Sea,1922.71,66,6.37,17.96,56.9
2025-04-07 13:56:14.718397997,North,Carrier B,Sea,699.36,63,6.35,5.06,26.92
2025-04-08 00:52:15.919899874,East,Carrier C,Road,101.32,23,4.35,9.35,9.91
2025-04-08 11:48:17.121401752,East,Carrier A,Air,251.32,9,4.0,8.9,3.38
2025-04-08 22:44:18.322903629,North,Carrier B,Sea,2421.26,34,8.96,6.87,80.27
2025-04-09 09:40:19.524405506,West,Carrier B,Road,773.84,46,4.45,5.17,21.0
2025-04-09 20:36:20.725907384,North,Carrier C,Rail,1934.6,78,5.44,3.05,30.44
2025-04-10 07:32:21.927409261,West,Carrier D,Sea,1580.43,4,3.55,16.19,46.54
2025-04-10 18:28:23.128911138,East,Carrier A,Road,985.75,30,8.08,8.72,28.18
2025-04-11 05:24:24.330413016,East,Carrier C,Rail,553.93,95,4.58,9.95,12.29
2025-04-11 16:20:25.531914893,East,Carrier A,Road,347.4,75,5.62,16.67,9.1
2025-04-12 03:16:26.733416770,South,Carrier B,Sea,1556.78,99,3.28,14.42,46.36
2025-04-12 14:12:27.934918648,West,Carrier B,Sea,1947.85,72,9.89,4.09,66.47
2025-04-13 01:08:29.136420525,South,Carrier D,Sea,1627.57,3,3.62,11.05,48.38
2025-04-13 12:04:30.337922402,South,Carrier B,Rail,1349.24,14,7.94,9.08,21.11
2025-04-13 23:00:31.539424280,North,Carrier B,Sea,152.78,60,4.85,14.76,8.5
2025-04-14 09:56:32.740926157,South,Carrier C,Sea,2422.8,77,2.86,13.59,71.55
2025-04-14 20:52:33.942428034,North,Carrier A,Road,2006.85,45,8.2,13.05,44.71
2025-04-15 07:48:35.143929912,North,Carrier A,Sea,767.41,96,4.0,7.45,28.7
2025-04-15 18:44:36.345431790,South,Carrier C,Road,2450.93,34,8.79,14.88,53.47
2025-04-16 05:40:37.546933666,West,Carrier D,Rail,1524.61,45,9.24,2.84,31.55
2025-04-16 16:36:38.748435544,West,Carrier A,Road,1476.94,61,8.74,4.55,37.91
2025-04-17 03:32:39.949937422,West,Carrier B,Road,1882.78,83,1.32,7.37,35.57
2025-04-17 14:28:41.151439298,West,Carrier A,Road,2038.84,16,8.09,3.23,49.86
2025-04-18 01:24:42.352941176,West,Carrier B,Rail,1658.37,66,4.7,5.76,25.61
2025-04-18 12:20:43.554443054,South,Carrier D,Road,363.83,40,8.86,15.28,13.42
2025-04-18 23:16:44.755944930,South,Carrier C,Air,878.76,17,6.74,17.17,9.44
2025-04-19 10:12:45.957446808,East,Carrier A,Road,2323.8,34,8.5,6.87,53.51
2025-04-19 21:08:47.158948686,West,Carrier C,Road,600.31,16,5.49,6.23,15.97
2025-04-20 08:04:48.360450562,South,Carrier A,Rail,961.81,60,5.82,6.48,17.33
2025-04-20 19:00:49.561952440,East,Carrier B,Air,1108.59,66,2.3,6.44,7.88
2025-04-21 05:56:50.763454318,West,Carrier C,Road,1126.54,66,8.06,2.57,26.8
2025-04-21 16:52:51.964956194,North,Carrier A,Rail,1551.7,90,4.77,16.83,27.69
2025-04-22 03:48:53.166458072,East,Carrier B,Sea,2360.54,13,5.5,5.42,75.84
2025-04-22 14:44:54.367959950,South,Carrier C,Rail,639.7,56,8.07,8.72,16.23
2025-04-23 01:40:55.569461826,North,Carrier C,Road,347.68,31,6.39,2.15,11.34
2025-04-23 12:36:56.770963704,North,Carrier A,Road,533.8,34,2.81,15.73,11.3
2025-04-23 23:32:57.972465582,North,Carrier A,Sea,2222.97,39,6.31,13.7,71.81
2025-04-24 10:28:59.173967458,East,Carrier A,Road,1632.24,67,4.67,17.15,36.68
2025-04-24 21:25:00.375469336,South,Carrier B,Sea,750.47,8,5.23,14.51,26.74
2025-04-25 08:21:01.576971214,North,Carrier A,Rail,2049.07,87,1.25,7.02,34.67
2025-04-25 19:17:02.778473090,West,Carrier C,Sea,2160.36,78,2.89,5.97,64.69
2025-04-26 06:13:03.979974968,North,Carrier C,Air,2123.96,55,3.53,13.16,9.64
2025-04-26 17:09:05.181476846,North,Carrier A,Sea,2301.37,27,7.42,7.83,72.22
2025-04-27 04:05:06.382978722,East,Carrier A,Road,667.99,93,1.1,11.06,18.38
2025-04-27 15:01:07.584480600,East,Carrier D,Air,1899.85,53,4.68,2.1,11.06
2025-04-28 01:57:08.785982478,South,Carrier C,Road,1178.32,39,9.32,2.99,30.46
2025-04-28 12:53:09.987484354,West,Carrier B,Rail,2112.9,65,2.01,10.57,35.35
2025-04-28 23:49:11.188986232,East,Carrier D,Rail,1834.8,17,5.65,11.06,34.9
2025-04-29 10:45:12.390488110,North,Carrier A,Sea,1952.3,30,8.08,14.02,67.28
2025-04-29 21:41:13.591989986,South,Carrier A,Sea,1657.6,53,9.48,4.11,51.38
2025-04-30 08:37:14.793491864,North,Carrier C,Air,484.7,13,7.72,10.21,10.05
2025-04-30 19:33:15.994993742,North,Carrier A,Road,1385.32,21,7.49,5.11,33.87
2025-05-01 06:29:17.196495618,East,Carrier B,Road,2462.44,19,8.44,3.49,54.25
2025-05-01 17:25:18.397997496,South,Carrier C,Air,2346.6,53,5.02,8.57,9.11
2025-05-02 04:21:19.599499374,West,Carrier A,Road,155.78,19,8.25,4.61,11.63
2025-05-02 15:17:20.801001250,West,Carrier C,Road,453.8,57,1.07,5.55,12.15
2025-05-03 02:13:22.002503128,East,Carrier A,Road,372.74,25,9.32,7.08,17.28
2025-05-03 13:09:23.204005006,East,Carrier A,Road,1828.65,86,4.99,6.15,38.72
2025-05-04 00:05:24.405506882,South,Carrier A,Road,2053.57,31,5.98,3.4,45.82
2025-05-04 11:01:25.607008760,West,Carrier B,Road,573.1,81,3.29,3.44,14.63
2025-05-04 21:57:26.808510638,West,Carrier B,Road,1289.34,55,7.68,5.09,32.26
2025-05-05 08:53:28.010012514,West,Carrier C,Road,2109.72,23,1.69,2.81,44.16
2025-05-05 19:49:29.211514392,North,Carrier A,Sea,1845.36,32,8.85,12.02,60.62
2025-05-06 06:45:30.413016270,West,Carrier A,Road,1378.48,62,8.45,6.6,30.18
2025-05-06 17:41:31.614518146,North,Carrier B,Road,1496.35,74,2.94,6.48,30.31
2025-05-07 04:37:32.816020024,South,Carrier A,Rail,1295.48,10,8.28,7.31,27.26
2025-05-07 15:33:34.017521902,North,Carrier B,Road,778.99,100,8.08,12.6,23.83
2025-05-08 02:29:35.219023778,South,Carrier A,Sea,1434.3,72,6.69,15.93,47.91
2025-05-08 13:25:36.420525656,West,Carrier C,Air,1737.77,54,4.36,14.15,8.7
2025-05-09 00:21:37.622027534,West,Carrier A,Road,2189.64,52,3.44,13.64,48.77
2025-05-09 11:17:38.823529410,South,Carrier A,Road,1608.91,20,3.09,9.75,34.1
2025-05-09 22:13:40.025031288,East,Carrier D,Sea,1914.75,32,3.87,13.1,60.72
2025-05-10 09:09:41.226533166,South,Carrier B,Sea,442.18,14,9.13,10.84,21.48
2025-05-10 20:05:42.428035042,East,Carrier A,Rail,1180.82,50,1.7,5.46,15.52
2025-05-11 07:01:43.629536920,North,Carrier A,Rail,72.86,28,8.46,5.34,4.44
2025-05-11 17:57:44.831038798,North,Carrier D,Road,654.36,53,4.14,6.74,14.9
2025-05-12 04:53:46.032540676,North,Carrier D,Sea,1829.83,24,5.69,16.57,52.3
2025-05-12 15:49:47.234042552,West,Carrier B,Road,2479.93,79,8.15,10.76,54.37
2025-05-13 02:45:48.435544430,North,Carrier D,Sea,292.99,22,8.96,13.74,16.49
2025-05-13 13:41:49.637046308,East,Carrier C,Rail,1033.66,30,4.1,7.54,15.98
2025-05-14 00:37:50.838548184,North,Carrier D,Rail,2010.17,63,5.16,8.52,34.16
2025-05-14 11:33:52.040050062,South,Carrier C,Rail,549.89,4,4.73,4.01,10.96
2025-05-14 22:29:53.241551940,South,Carrier B,Road,1409.96,77,1.12,4.74,27.75
2025-05-15 09:25:54.443053816,West,Carrier B,Road,1846.02,59,3.66,15.24,38.78
2025-05-15 20:21:55.644555694,South,Carrier B,Road,1559.16,87,5.13,11.36,31.94
2025-05-16 07:17:56.846057572,East,Carrier B,Road,510.66,8,4.7,7.4,13.46
2025-05-16 18:13:58.047559448,North,Carrier B,Air,920.69,82,7.5,14.85,9.39
2025-05-17 05:09:59.249061326,West,Carrier C,Road,1970.29,12,4.46,5.94,37.19
2025-05-17 16:06:00.450563204,North,Carrier C,Road,1407.85,31,5.4,17.62,31.47
2025-05-18 03:02:01.652065080,North,Carrier B,Sea,62.81,78,4.87,7.52,3.51
2025-05-18 13:58:02.853566958,East,Carrier D,Sea,1914.43,34,7.67,7.4,63.61
2025-05-19 00:54:04.055068836,South,Carrier A,Sea,136.51,82,8.77,6.99,11.71
2025-05-19 11:50:05.256570712,South,Carrier B,Sea,1877.05,98,5.79,3.95,56.26
2025-05-19 22:46:06.458072590,North,Carrier D,Road,546.08,75,8.1,3.78,16.76
2025-05-20 09:42:07.659574468,West,Carrier A,Road,2397.28,76,3.67,12.37,46.08
2025-05-20 20:38:08.861076344,South,Carrier B,Air,951.45,49,5.87,16.0,9.69
2025-05-21 07:34:10.062578222,West,Carrier B,Rail,850.98,79,4.11,14.65,16.65
2025-05-21 18:30:11.264080100,South,Carrier C,Road,414.78,57,4.73,4.26,10.17
2025-05-22 05:26:12.465581976,West,Carrier A,Sea,798.73,95,7.59,10.73,34.04
2025-05-22 16:22:13.667083854,East,Carrier A,Road,2197.79,93,8.93,3.69,50.27
2025-05-23 03:18:14.868585732,West,Carrier D,Road,2491.02,26,2.09,2.72,46.64
2025-05-23 14:14:16.070087608,East,Carrier C,Rail,952.36,18,6.71,12.5,16.9
2025-05-24 01:10:17.271589486,East,Carrier C,Rail,1149.1,96,6.24,10.56,21.72
2025-05-24 12:06:18.473091364,West,Carrier C,Rail,1819.07,86,2.07,3.31,27.57
2025-05-24 23:02:19.674593240,East,Carrier C,Road,2221.18,38,2.91,2.56,44.1
2025-05-25 09:58:20.876095118,North,Carrier A,Sea,1502.96,81,3.8,17.84,48.08
2025-05-25 20:54:22.077596996,East,Carrier A,Road,1009.24,87,2.5,2.48,22.63
2025-05-26 07:50:23.279098872,South,Carrier B,Road,1060.92,88,3.19,9.11,18.94
2025-05-26 18:46:24.480600750,West,Carrier B,Sea,1754.26,50,3.41,10.07,53.99
2025-05-27 05:42:25.682102628,North,Carrier C,Sea,57.88,8,4.02,3.88,5.32
2025-05-27 16:38:26.883604504,West,Carrier C,Sea,1567.99,41,7.74,4.7,58.44
2025-05-28 03:34:28.085106382,South,Carrier C,Sea,920.96,6,6.15,7.63,32.6
2025-05-28 14:30:29.286608260,South,Carrier B,Rail,1995.78,69,9.88,14.19,37.02
2025-05-29 01:26:30.488110136,South,Carrier D,Rail,277.83,44,4.73,10.11,8.94
2025-05-29 12:22:31.689612014,East,Carrier D,Road,1491.1,64,7.78,12.21,34.88
2025-05-29 23:18:32.891113892,East,Carrier B,Road,1228.38,29,8.84,17.76,26.8
2025-05-30 10:14:34.092615768,West,Carrier B,Road,1623.7,28,7.11,14.29,37.53
2025-05-30 21:10:35.294117646,West,Carrier B,Road,208.89,11,4.71,8.95,7.82
2025-05-31 08:06:36.495619524,North,Carrier B,Air,1470.96,65,7.78,9.14,9.99
2025-05-31 19:02:37.697121400,North,Carrier B,Rail,1425.64,19,2.83,11.9,21.28
2025-06-01 05:58:38.898623278,West,Carrier B,Road,1423.62,9,3.95,12.65,27.43
2025-06-01 16:54:40.100125156,East,Carrier C,Road,1528.54,27,5.92,10.01,35.65
2025-06-02 03:50:41.301627032,South,Carrier C,Rail,1707.35,34,6.18,12.32,33.01
2025-06-02 14:46:42.503128910,West,Carrier C,Road,2022.22,44,1.2,2.38,38.89
2025-06-03 01:42:43.704630788,North,Carrier C,Sea,711.06,68,9.51,8.87,25.84
2025-06-03 12:38:44.906132664,East,Carrier B,Rail,2071.37,100,7.27,6.46,37.92
2025-06-03 23:34:46.107634542,West,Carrier D,Rail,1270.73,82,5.46,4.07,19.66
2025-06-04 10:30:47.309136420,West,Carrier A,Rail,238.79,15,9.4,3.59,11.35
2025-06-04 21:26:48.510638296,East,Carrier B,Sea,193.45,51,4.95,11.65,12.38
2025-06-05 08:22:49.712140174,West,Carrier A,Road,868.88,13,9.82,10.38,27.07
2025-06-05 19:18:50.913642052,East,Carrier D,Rail,1973.0,83,5.61,6.06,34.8
2025-06-06 06:14:52.115143928,South,Carrier C,Rail,1783.82,49,2.03,9.54,30.4
2025-06-06 17:10:53.316645806,East,Carrier D,Road,1982.11,70,7.88,9.88,45.15
2025-06-07 04:06:54.518147684,East,Carrier B,Sea,1317.31,56,7.11,5.12,40.31
2025-06-07 15:02:55.719649560,East,Carrier C,Air,1128.49,76,7.96,12.43,8.88
2025-06-08 01:58:56.921151438,West,Carrier B,Rail,411.26,51,9.56,14.49,15.35
2025-06-08 12:54:58.122653316,West,Carrier C,Sea,854.07,37,7.99,14.66,32.04
2025-06-08 23:50:59.324155192,East,Carrier A,Sea,1113.35,17,6.5,11.64,36.95
2025-06-09 10:47:00.525657070,West,Carrier A,Air,267.07,58,8.72,10.19,6.86
2025-06-09 21:43:01.727158948,North,Carrier A,Sea,590.5,87,7.06,2.98,29.21
2025-06-10 08:39:02.928660824,North,Carrier D,Rail,1515.65,90,4.67,6.61,25.47
2025-06-10 19:35:04.130162702,West,Carrier B,Rail,1852.37,29,8.97,3.49,40.61
2025-06-11 06:31:05.331664580,West,Carrier D,Rail,2495.95,33,3.0,17.42,36.14
2025-06-11 17:27:06.533166458,East,Carrier A,Air,2336.13,60,7.43,4.16,12.47
2025-06-12 04:23:07.734668334,South,Carrier B,Road,1624.28,91,8.93,4.43,38.97
2025-06-12 15:19:08.936170212,West,Carrier A,Sea,1082.06,89,7.58,16.23,36.47
2025-06-13 02:15:10.137672090,North,Carrier D,Sea,1608.63,55,7.28,17.1,52.21
2025-06-13 13:11:11.339173966,East,Carrier D,Road,1974.85,10,7.77,14.25,43.65
2025-06-14 00:07:12.540675844,West,Carrier D,Sea,339.92,47,5.19,2.09,13.04
2025-06-14 11:03:13.742177722,North,Carrier A,Road,1054.27,23,8.87,2.02,27.47
2025-06-14 21:59:14.943679598,North,Carrier B,Road,2107.52,85,2.83,8.05,35.95
2025-06-15 08:55:16.145181476,South,Carrier B,Air,990.39,21,2.15,4.29,5.24
2025-06-15 19:51:17.346683354,East,Carrier A,Road,1451.09,13,3.57,2.29,32.65
2025-06-16 06:47:18.548185230,East,Carrier B,Sea,1490.03,33,5.78,9.43,49.36
2025-06-16 17:43:19.749687108,South,Carrier A,Sea,501.97,24,5.6,17.09,24.92
2025-06-17 04:39:20.951188986,South,Carrier B,Rail,937.48,11,8.39,7.18,23.28
2025-06-17 15:35:22.152690862,East,Carrier C,Road,869.55,17,4.64,12.58,22.97
2025-06-18 02:31:23.354192740,East,Carrier C,Road,114.18,68,5.36,12.44,10.16
2025-06-18 13:27:24.555694618,West,Carrier D,Rail,109.27,47,1.12,6.02,1.0
2025-06-19 00:23:25.757196494,West,Carrier C,Sea,2087.66,25,4.69,12.41,65.27
2025-06-19 11:19:26.958698372,South,Carrier C,Rail,719.02,94,6.83,5.4,14.06
2025-06-19 22:15:28.160200250,West,Carrier C,Road,1319.29,73,1.14,3.95,22.53
2025-06-20 09:11:29.361702126,North,Carrier A,Rail,781.88,21,3.53,13.22,12.48
2025-06-20 20:07:30.563204004,West,Carrier C,Rail,2354.66,84,2.87,3.82,35.82
2025-06-21 07:03:31.764705882,West,Carrier C,Air,685.28,83,1.38,17.95,3.86
2025-06-21 17:59:32.966207758,North,Carrier D,Road,1102.66,83,5.31,4.94,26.32
2025-06-22 04:55:34.167709636,South,Carrier C,Air,2188.19,12,2.64,11.51,5.97
2025-06-22 15:51:35.369211514,North,Carrier C,Rail,2112.74,37,7.69,8.58,39.46
2025-06-23 02:47:36.570713390,West,Carrier B,Sea,505.95,42,8.63,4.02,24.81
2025-06-23 13:43:37.772215268,South,Carrier D,Road,2016.48,17,5.91,2.45,43.55
2025-06-24 00:39:38.973717146,West,Carrier D,Rail,1172.56,48,9.84,11.96,22.79
2025-06-24 11:35:40.175219022,North,Carrier D,Sea,1233.27,28,5.05,14.91,38.66
2025-06-24 22:31:41.376720900,North,Carrier D,Road,377.03,41,5.62,15.47,12.53
2025-06-25 09:27:42.578222778,West,Carrier D,Sea,247.47,99,9.9,9.72,18.59
2025-06-25 20:23:43.779724654,East,Carrier D,Rail,1833.45,47,3.08,14.44,26.35
2025-06-26 07:19:44.981226532,East,Carrier A,Road,1266.33,18,9.48,12.77,32.48
2025-06-26 18:15:46.182728410,North,Carrier C,Road,1120.28,78,1.39,13.59,18.31
2025-06-27 05:11:47.384230286,North,Carrier D,Air,1837.3,99,5.02,9.88,10.1
2025-06-27 16:07:48.585732164,East,Carrier C,Road,1925.51,71,1.63,12.13,37.17
2025-06-28 03:03:49.787234042,East,Carrier C,Rail,439.33,13,7.56,14.89,10.88
2025-06-28 13:59:50.988735918,West,Carrier A,Road,1545.05,82,6.48,8.37,31.59
2025-06-29 00:55:52.190237796,West,Carrier D,Rail,381.62,13,7.36,14.9,13.66
2025-06-29 11:51:53.391739674,East,Carrier B,Road,1890.87,100,4.37,11.47,41.77
2025-06-29 22:47:54.593241550,West,Carrier A,Sea,1659.54,31,4.33,4.65,49.33
2025-06-30 09:43:55.794743428,West,Carrier B,Sea,2393.71,2,1.41,2.39,71.53
2025-06-30 20:39:56.996245306,South,Carrier C,Sea,218.95,16,4.15,7.8,9.21
2025-07-01 07:35:58.197747182,West,Carrier C,Air,189.78,9,9.36,10.75,11.47
2025-07-01 18:31:59.399249060,North,Carrier A,Road,741.36,73,4.41,15.44,19.4
2025-07-02 05:28:00.600750938,West,Carrier A,Air,691.18,38,8.48,4.04,9.89
2025-07-02 16:24:01.802252814,West,Carrier B,Road,655.1,75,8.58,14.8,16.46
2025-07-03 03:20:03.003754692,East,Carrier D,Road,2270.32,54,4.36,15.81,47.14
2025-07-03 14:16:04.205256570,North,Carrier B,Road,661.39,56,6.69,4.41,19.82
2025-07-04 01:12:05.406758446,West,Carrier A,Rail,716.28,86,1.86,15.63,12.99
2025-07-04 12:08:06.608260324,West,Carrier B,Air,1910.53,97,1.93,17.86,5.3
2025-07-04 23:04:07.809762202,South,Carrier A,Rail,1151.86,100,1.44,13.63,15.96
2025-07-05 10:00:09.011264078,West,Carrier B,Road,1952.94,87,6.23,14.56,44.12
2025-07-05 20:56:10.212765956,West,Carrier A,Road,210.15,45,4.83,17.91,10.63
2025-07-06 07:52:11.414267834,South,Carrier A,Sea,1244.55,34,5.93,11.69,39.12
2025-07-06 18:48:12.615769710,East,Carrier A,Road,132.35,9,5.69,6.93,10.99
2025-07-07 05:44:13.817271588,West,Carrier D,Rail,203.5,88,4.15,15.4,7.35
2025-07-07 16:40:15.018773466,South,Carrier B,Road,2270.77,8,7.1,11.83,48.67
2025-07-08 03:36:16.220275342,North,Carrier B,Air,391.15,7,7.83,11.3,8.04
2025-07-08 14:32:17.421777220,East,Carrier B,Rail,1354.43,36,1.13,6.06,20.31
2025-07-09 01:28:18.623279098,North,Carrier A,Road,1057.18,18,2.87,14.1,25.1
2025-07-09 12:24:19.824780976,North,Carrier B,Road,900.99,3,7.42,3.31,26.07
2025-07-09 23:20:21.026282852,South,Carrier B,Rail,2254.59,28,4.48,16.79,38.91
2025-07-10 10:16:22.227784730,West,Carrier A,Rail,103.47,70,6.96,7.21,8.85
2025-07-10 21:12:23.429286608,South,Carrier C,Road,1676.28,44,4.12,4.04,36.56
2025-07-11 08:08:24.630788484,South,Carrier A,Sea,2410.32,21,4.52,9.08,71.55
2025-07-11 19:04:25.832290362,South,Carrier B,Road,1422.41,28,2.43,2.68,29.57
2025-07-12 06:00:27.033792240,South,Carrier A,Road,2345.22,54,3.32,12.95,45.63
2025-07-12 16:56:28.235294116,East,Carrier C,Sea,178.03,54,6.45,16.44,7.0
2025-07-13 03:52:29.436795994,West,Carrier A,Road,1076.04,65,4.9,15.4,20.97
2025-07-13 14:48:30.638297872,North,Carrier B,Rail,687.39,100,7.97,4.04,16.33
2025-07-14 01:44:31.839799748,North,Carrier C,Road,1840.51,21,8.67,4.02,43.05
2025-07-14 12:40:33.041301626,West,Carrier D,Road,2454.18,99,5.87,15.01,49.04
2025-07-14 23:36:34.242803504,North,Carrier B,Sea,678.5,13,7.82,16.79,25.91
2025-07-15 10:32:35.444305380,West,Carrier C,Road,1652.73,57,3.76,9.37,35.49
2025-07-15 21:28:36.645807258,North,Carrier C,Sea,535.34,49,4.73,9.98,18.81
2025-07-16 08:24:37.847309136,South,Carrier D,Road,1435.06,54,7.41,7.09,36.43
2025-07-16 19:20:39.048811012,North,Carrier A,Road,1186.63,10,4.48,16.31,28.61
2025-07-17 06:16:40.250312890,West,Carrier A,Road,2431.41,53,6.3,12.32,50.55
2025-07-17 17:12:41.451814768,West,Carrier B,Rail,1540.89,44,2.67,6.61,26.34
2025-07-18 04:08:42.653316644,West,Carrier D,Road,906.29,47,6.4,6.78,24.23
2025-07-18 15:04:43.854818522,West,Carrier A,Sea,329.53,53,8.75,16.26,17.63
2025-07-19 02:00:45.056320400,West,Carrier D,Rail,420.55,74,8.82,2.22,16.72
2025-07-19 12:56:46.257822276,East,Carrier A,Sea,602.03,46,7.52,7.16,26.94
2025-07-19 23:52:47.459324154,East,Carrier C,Road,664.87,13,7.71,10.87,17.7
2025-07-20 10:48:48.660826032,North,Carrier A,Sea,2134.01,37,6.02,4.37,67.33
2025-07-20 21:44:49.862327908,West,Carrier D,Air,1425.0,24,6.26,3.47,8.77
2025-07-21 08:40:51.063829786,North,Carrier C,Air,1332.31,2,2.2,15.04,6.12
2025-07-21 19:36:52.265331664,West,Carrier C,Sea,331.18,86,4.99,16.31,13.48
2025-07-22 06:32:53.466833540,West,Carrier C,Air,2157.34,81,5.06,15.18,7.06
2025-07-22 17:28:54.668335418,East,Carrier D,Rail,1820.9,100,9.63,16.38,36.01
2025-07-23 04:24:55.869837296,East,Carrier B,Road,215.79,14,4.88,10.85,11.4
2025-07-23 15:20:57.071339172,South,Carrier B,Road,1784.2,10,5.94,15.0,35.75
2025-07-24 02:16:58.272841050,East,Carrier B,Sea,1381.67,35,5.8,8.14,43.02
2025-07-24 13:12:59.474342928,South,Carrier D,Rail,250.23,25,6.73,12.66,9.16
2025-07-25 00:09:00.675844804,South,Carrier C,Air,1172.84,3,7.73,17.82,8.78
2025-07-25 11:05:01.877346682,South,Carrier B,Rail,1237.51,17,3.03,5.61,16.82
2025-07-25 22:01:03.078848560,South,Carrier D,Road,456.15,12,5.76,8.24,17.35
2025-07-26 08:57:04.280350436,South,Carrier B,Road,2366.96,54,8.43,9.68,51.18
2025-07-26 19:53:05.481852314,North,Carrier A,Rail,2132.44,24,5.17,4.21,35.02
2025-07-27 06:49:06.683354192,East,Carrier B,Road,1689.1,29,3.51,3.3,37.79
2025-07-27 17:45:07.884856068,South,Carrier B,Road,1182.62,43,6.89,15.28,29.97
2025-07-28 04:41:09.086357946,West,Carrier C,Rail,1058.83,25,8.41,17.63,22.36
2025-07-28 15:37:10.287859824,East,Carrier D,Road,1644.88,100,1.57,8.48,31.84
2025-07-29 02:33:11.489361700,East,Carrier C,Rail,1386.31,60,7.99,3.4,27.7
2025-07-29 13:29:12.690863580,South,Carrier C,Road,202.57,90,8.39,3.05,15.26
2025-07-30 00:25:13.892365456,North,Carrier C,Air,1305.63,65,5.15,16.26,6.79
2025-07-30 11:21:15.093867332,South,Carrier C,Road,2025.69,84,9.85,9.42,43.51
2025-07-30 22:17:16.295369212,North,Carrier C,Rail,1175.14,28,8.08,7.12,20.74
2025-07-31 09:13:17.496871088,West,Carrier B,Road,177.29,16,7.96,9.62,14.43
2025-07-31 20:09:18.698372964,East,Carrier C,Road,1976.38,47,7.73,7.09,41.93
2025-08-01 07:05:19.899874844,West,Carrier C,Road,543.34,81,2.36,9.82,13.71
2025-08-01 18:01:21.101376720,North,Carrier D,Rail,683.62,92,2.96,15.75,12.88
2025-08-02 04:57:22.302878596,North,Carrier A,Rail,453.53,58,5.18,11.48,10.74
2025-08-02 15:53:23.504380476,West,Carrier B,Road,859.03,76,3.38,13.11,18.42
2025-08-03 02:49:24.705882352,North,Carrier B,Rail,1904.04,27,4.74,7.83,35.42
2025-08-03 13:45:25.907384228,West,Carrier B,Sea,1322.5,53,9.0,13.82,43.6
2025-08-04 00:41:27.108886108,East,Carrier C,Air,551.96,42,8.42,12.67,8.42
2025-08-04 11:37:28.310387984,West,Carrier C,Road,2200.68,59,6.67,3.91,48.68
2025-08-04 22:33:29.511889860,East,Carrier C,Rail,2204.98,47,8.72,11.16,37.4
2025-08-05 09:29:30.713391740,West,Carrier D,Road,2182.92,94,8.05,6.11,50.64
2025-08-05 20:25:31.914893616,North,Carrier A,Road,635.05,34,4.86,14.87,18.37
2025-08-06 07:21:33.116395492,West,Carrier C,Sea,1155.54,37,2.81,8.82,36.42
2025-08-06 18:17:34.317897372,North,Carrier A,Road,2463.22,6,5.63,17.91,49.31
2025-08-07 05:13:35.519399248,West,Carrier D,Rail,1941.43,7,7.63,3.48,32.26
2025-08-07 16:09:36.720901124,West,Carrier B,Rail,116.56,96,4.93,14.49,8.15
2025-08-08 03:05:37.922403004,South,Carrier C,Air,209.75,96,7.0,12.78,13.37
2025-08-08 14:01:39.123904880,North,Carrier A,Rail,1186.63,25,1.85,14.28,19.12
2025-08-09 00:57:40.325406756,South,Carrier A,Road,2277.59,33,7.73,6.92,45.13
2025-08-09 11:53:41.526908636,North,Carrier C,Road,1369.82,55,8.31,9.87,34.23
2025-08-09 22:49:42.728410512,South,Carrier B,Rail,1269.64,58,7.36,14.74,27.39
2025-08-10 09:45:43.929912388,East,Carrier B,Road,308.41,7,9.71,5.72,13.29
2025-08-10 20:41:45.131414268,West,Carrier B,Road,1659.11,57,8.44,5.62,37.19
2025-08-11 07:37:46.332916144,North,Carrier D,Road,2064.15,12,9.13,10.82,45.01
2025-08-11 18:33:47.534418020,North,Carrier A,Road,982.03,16,9.4,10.38,26.09
2025-08-12 05:29:48.735919900,West,Carrier A,Road,1950.25,80,8.21,6.52,43.29
2025-08-12 16:25:49.937421776,North,Carrier A,Road,2412.97,43,7.07,6.77,49.05
2025-08-13 03:21:51.138923652,North,Carrier D,Rail,549.23,100,1.05,6.45,6.18
2025-08-13 14:17:52.340425532,South,Carrier A,Rail,1332.16,77,5.19,14.34,24.61
2025-08-14 01:13:53.541927408,North,Carrier D,Sea,753.49,7,6.14,12.43,27.27
2025-08-14 12:09:54.743429284,East,Carrier B,Road,1992.49,100,3.74,15.32,39.0
2025-08-14 23:05:55.944931164,East,Carrier C,Road,1465.1,51,3.86,17.61,30.68
2025-08-15 10:01:57.146433040,West,Carrier A,Road,1604.73,73,9.65,9.59,35.48
2025-08-15 20:57:58.347934916,North,Carrier A,Rail,2004.89,32,9.03,3.07,38.25
2025-08-16 07:53:59.549436796,West,Carrier B,Air,1020.13,75,8.64,2.77,9.3
2025-08-16 18:50:00.750938672,East,Carrier C,Road,2291.97,8,4.65,6.73,46.85
2025-08-17 05:46:01.952440548,North,Carrier D,Sea,1355.92,97,1.12,16.92,40.74
2025-08-17 16:42:03.153942428,North,Carrier C,Road,436.99,87,1.72,10.37,12.16
2025-08-18 03:38:04.355444304,West,Carrier B,Rail,1754.95,89,3.81,6.35,29.11
2025-08-18 14:34:05.556946180,East,Carrier B,Air,1993.49,72,1.14,8.39,6.56
2025-08-19 01:30:06.758448060,North,Carrier C,Sea,826.07,45,1.15,11.58,24.05
2025-08-19 12:26:07.959949936,West,Carrier D,Air,2150.09,86,9.25,12.45,11.95
2025-08-19 23:22:09.161451812,East,Carrier D,Sea,2270.05,59,7.36,4.46,72.01
2025-08-20 10:18:10.362953692,West,Carrier A,Road,728.42,4,3.78,17.63,18.73
2025-08-20 21:14:11.564455568,South,Carrier D,Sea,2459.63,67,2.19,10.72,73.86
2025-08-21 08:10:12.765957444,North,Carrier C,Road,394.74,29,5.6,4.17,13.08
2025-08-21 19:06:13.967459324,South,Carrier B,Sea,544.94,29,1.05,16.3,13.92
2025-08-22 06:02:15.168961200,East,Carrier A,Rail,501.35,98,9.45,3.19,17.96
2025-08-22 16:58:16.370463076,South,Carrier A,Sea,2240.27,98,4.73,16.52,66.85
2025-08-23 03:54:17.571964956,South,Carrier B,Rail,1653.02,28,4.62,17.95,26.22
2025-08-23 14:50:18.773466832,East,Carrier D,Rail,422.66,77,4.52,13.21,8.05
2025-08-24 01:46:19.974968708,West,Carrier B,Rail,1128.79,79,1.62,14.33,17.57
2025-08-24 12:42:21.176470588,South,Carrier D,Air,1557.48,87,6.74,7.4,11.81
2025-08-24 23:38:22.377972464,West,Carrier B,Road,254.49,44,7.6,17.07,10.1
2025-08-25 10:34:23.579474340,South,Carrier C,Road,2211.92,90,7.09,10.48,50.99
2025-08-25 21:30:24.780976220,West,Carrier D,Road,2018.83,4,2.25,13.72,40.95
2025-08-26 08:26:25.982478096,East,Carrier C,Road,1287.76,90,6.21,16.79,26.4
2025-08-26 19:22:27.183979972,South,Carrier A,Sea,2419.46,9,6.13,17.6,74.41
2025-08-27 06:18:28.385481852,East,Carrier B,Road,1073.51,5,8.82,15.33,26.05
2025-08-27 17:14:29.586983728,South,Carrier A,Sea,2461.07,56,4.41,6.85,76.19
2025-08-28 04:10:30.788485604,East,Carrier A,Road,1686.4,96,4.34,17.46,32.83
2025-08-28 15:06:31.989987484,East,Carrier A,Road,1604.94,84,6.57,12.05,32.18
2025-08-29 02:02:33.191489360,South,Carrier A,Air,456.59,50,6.7,16.89,6.68
2025-08-29 12:58:34.392991236,South,Carrier B,Rail,2210.72,75,5.22,12.82,39.38
2025-08-29 23:54:35.594493116,South,Carrier A,Rail,1097.35,15,4.99,6.92,20.24
2025-08-30 10:50:36.795994992,North,Carrier B,Rail,447.47,32,5.45,7.92,12.72
2025-08-30 21:46:37.997496868,West,Carrier B,Air,80.89,28,8.75,10.81,9.84
2025-08-31 08:42:39.198998748,North,Carrier C,Road,1421.4,22,5.15,14.64,27.67
2025-08-31 19:38:40.400500624,North,Carrier D,Sea,1342.13,17,9.46,7.09,45.83
2025-09-01 06:34:41.602002500,East,Carrier D,Sea,1812.42,59,5.54,11.28,57.33
2025-09-01 17:30:42.803504380,South,Carrier B,Rail,2231.13,90,9.54,7.53,40.19
2025-09-02 04:26:44.005006256,West,Carrier C,Road,244.55,71,8.5,15.05,16.69
2025-09-02 15:22:45.206508132,East,Carrier B,Rail,1842.17,57,4.26,9.47,27.88
2025-09-03 02:18:46.408010012,North,Carrier B,Road,509.16,26,8.77,3.23,16.03
2025-09-03 13:14:47.609511888,South,Carrier B,Road,2152.53,25,1.99,4.66,41.77
2025-09-04 00:10:48.811013764,East,Carrier C,Road,2056.71,10,9.33,2.98,45.34
2025-09-04 11:06:50.012515644,South,Carrier D,Rail,1374.94,45,6.68,9.99,19.96
2025-09-04 22:02:51.214017520,East,Carrier C,Sea,1790.09,83,1.49,3.7,56.89
2025-09-05 08:58:52.415519396,South,Carrier A,Air,820.16,11,6.8,3.83,5.7
2025-09-05 19:54:53.617021276,North,Carrier C,Air,1204.36,77,9.77,17.06,12.86
2025-09-06 06:50:54.818523152,West,Carrier C,Road,2063.01,53,1.63,15.96,36.38
2025-09-06 17:46:56.020025028,North,Carrier C,Road,1175.2,72,5.99,9.23,25.46
2025-09-07 04:42:57.221526908,West,Carrier C,Road,926.61,68,7.73,17.77,21.01
2025-09-07 15:38:58.423028784,South,Carrier D,Sea,1260.82,95,8.29,2.0,42.69
2025-09-08 02:34:59.624530660,East,Carrier A,Road,2079.21,28,4.72,11.82,41.11
2025-09-08 13:31:00.826032540,North,Carrier D,Sea,871.26,75,2.84,11.86,27.44
2025-09-09 00:27:02.027534416,West,Carrier D,Rail,475.72,65,1.38,9.32,7.36
2025-09-09 11:23:03.229036292,North,Carrier C,Road,1794.43,49,6.22,8.35,35.67
2025-09-09 22:19:04.430538172,West,Carrier B,Air,2073.65,47,5.08,9.29,7.11
2025-09-10 09:15:05.632040048,North,Carrier B,Rail,296.56,52,9.54,8.64,16.96
2025-09-10 20:11:06.833541924,West,Carrier D,Sea,637.69,88,1.55,13.69,22.69
2025-09-11 07:07:08.035043804,West,Carrier D,Sea,397.83,54,7.17,4.17,19.54
2025-09-11 18:03:09.236545680,South,Carrier C,Road,902.46,60,1.22,5.16,19.09
2025-09-12 04:59:10.438047556,West,Carrier D,Road,1153.36,57,2.54,4.89,28.05
2025-09-12 15:55:11.639549436,South,Carrier C,Rail,1884.62,47,5.08,6.2,33.26
2025-09-13 02:51:12.841051312,West,Carrier B,Sea,1645.31,31,5.09,10.4,53.52
2025-09-13 13:47:14.042553188,East,Carrier B,Road,1571.27,46,7.17,3.78,32.3
2025-09-14 00:43:15.244055068,East,Carrier A,Rail,913.32,26,9.19,15.89,19.79
2025-09-14 11:39:16.445556944,East,Carrier B,Rail,2111.55,5,6.75,6.76,36.84
2025-09-14 22:35:17.647058820,West,Carrier D,Air,1204.65,84,9.58,4.6,9.66
2025-09-15 09:31:18.848560700,South,Carrier B,Road,2448.81,52,8.93,12.81,51.26
2025-09-15 20:27:20.050062576,South,Carrier C,Air,1603.65,75,6.26,2.61,6.79
2025-09-16 07:23:21.251564452,West,Carrier B,Sea,359.35,54,8.5,11.92,15.64
2025-09-16 18:19:22.453066332,East,Carrier A,Road,1706.64,33,6.78,13.17,36.07
2025-09-17 05:15:23.654568208,East,Carrier B,Road,846.5,50,1.71,5.44,17.84
2025-09-17 16:11:24.856070084,South,Carrier C,Sea,1731.5,38,7.67,2.67,61.09
2025-09-18 03:07:26.057571964,East,Carrier C,Road,220.62,27,1.85,7.82,7.62
2025-09-18 14:03:27.259073840,North,Carrier D,Sea,478.46,98,6.35,3.58,21.42
2025-09-19 00:59:28.460575716,South,Carrier B,Rail,2146.56,15,7.32,3.86,34.42
2025-09-19 11:55:29.662077596,East,Carrier C,Road,606.59,96,1.6,6.07,12.89
2025-09-19 22:51:30.863579472,South,Carrier A,Sea,2100.75,61,3.08,6.73,62.95
2025-09-20 09:47:32.065081352,North,Carrier D,Road,734.23,21,9.24,10.48,23.23
2025-09-20 20:43:33.266583228,South,Carrier A,Rail,1625.06,46,6.55,12.85,28.97
2025-09-21 07:39:34.468085104,South,Carrier B,Road,1750.67,69,3.22,11.48,38.7
2025-09-21 18:35:35.669586984,South,Carrier B,Rail,1306.0,6,7.22,4.37,25.99
2025-09-22 05:31:36.871088860,South,Carrier B,Road,798.01,38,6.37,4.75,21.21
2025-09-22 16:27:38.072590736,North,Carrier D,Road,570.98,62,5.51,16.06,11.58
2025-09-23 03:23:39.274092616,West,Carrier C,Sea,131.31,86,9.79,10.93,13.3
2025-09-23 14:19:40.475594492,South,Carrier D,Road,794.67,62,7.15,15.92,24.13
2025-09-24 01:15:41.677096368,South,Carrier A,Rail,1650.25,82,4.38,7.94,29.18
2025-09-24 12:11:42.878598248,East,Carrier D,Road,2348.85,78,8.2,11.83,46.16
2025-09-24 23:07:44.080100124,South,Carrier A,Air,2184.45,74,8.96,10.38,11.33
2025-09-25 10:03:45.281602000,East,Carrier D,Road,1926.86,46,2.13,7.11,40.97
2025-09-25 20:59:46.483103880,West,Carrier C,Sea,1981.7,13,2.8,9.52,59.09
2025-09-26 07:55:47.684605756,North,Carrier A,Rail,1679.21,95,2.95,10.04,27.64
2025-09-26 18:51:48.886107632,North,Carrier B,Road,687.7,94,7.22,5.21,23.29
2025-09-27 05:47:50.087609512,West,Carrier B,Road,2272.63,3,6.43,7.04,47.41
2025-09-27 16:43:51.289111388,North,Carrier D,Road,1693.29,94,6.57,14.66,39.1
2025-09-28 03:39:52.490613264,West,Carrier B,Rail,1423.08,6,9.47,16.65,30.7
2025-09-28 14:35:53.692115144,West,Carrier A,Road,321.92,93,7.98,7.76,15.21
2025-09-29 01:31:54.893617020,West,Carrier B,Sea,1145.29,8,2.15,6.91,35.71
2025-09-29 12:27:56.095118896,North,Carrier C,Road,1177.88,44,4.13,5.12,24.34
2025-09-29 23:23:57.296620776,East,Carrier C,Road,2168.18,33,4.92,12.86,43.35
2025-09-30 10:19:58.498122652,West,Carrier D,Rail,1389.29,81,4.56,7.17,22.53
2025-09-30 21:15:59.699624528,South,Carrier A,Air,981.98,75,7.02,17.8,4.93
2025-10-01 08:12:00.901126408,North,Carrier C,Road,2443.16,77,9.03,7.21,56.19
2025-10-01 19:08:02.102628284,West,Carrier C,Road,321.27,50,3.75,8.31,9.62
2025-10-02 06:04:03.304130160,West,Carrier A,Road,1085.24,11,5.97,11.65,28.33
2025-10-02 17:00:04.505632040,South,Carrier B,Air,152.96,95,8.1,14.83,11.78
2025-10-03 03:56:05.707133916,East,Carrier B,Rail,1862.77,28,4.75,9.51,31.47
2025-10-03 14:52:06.908635792,East,Carrier D,Rail,2299.29,70,2.51,8.76,32.47
2025-10-04 01:48:08.110137672,East,Carrier B,Sea,736.09,41,5.27,17.93,25.87
2025-10-04 12:44:09.311639548,West,Carrier A,Sea,2152.94,16,1.5,2.17,61.53
2025-10-04 23:40:10.513141424,West,Carrier C,Rail,765.93,68,9.48,16.32,16.07
2025-10-05 10:36:11.714643304,West,Carrier B,Sea,2281.39,99,1.67,4.39,65.75
2025-10-05 21:32:12.916145180,North,Carrier D,Road,1897.21,48,4.95,14.57,39.28
2025-10-06 08:28:14.117647056,South,Carrier B,Road,2022.02,56,5.77,11.89,41.12
2025-10-06 19:24:15.319148936,West,Carrier A,Road,94.12,64,9.87,7.47,9.88
2025-10-07 06:20:16.520650812,South,Carrier D,Road,2408.89,59,2.49,15.98,43.48
2025-10-07 17:16:17.722152688,South,Carrier B,Rail,1830.34,90,2.03,2.21,28.61
2025-10-08 04:12:18.923654568,East,Carrier D,Sea,796.64,62,1.08,5.63,27.95
2025-10-08 15:08:20.125156444,North,Carrier A,Road,2082.02,76,2.4,11.07,43.07
2025-10-09 02:04:21.326658320,West,Carrier C,Road,739.73,11,2.87,7.62,17.75
2025-10-09 13:00:22.528160200,East,Carrier A,Rail,2188.25,89,6.68,11.77,39.42
2025-10-09 23:56:23.729662076,East,Carrier A,Sea,325.82,18,2.98,2.39,11.99
2025-10-10 10:52:24.931163952,West,Carrier A,Road,1774.03,19,1.18,3.86,29.47
2025-10-10 21:48:26.132665832,South,Carrier A,Rail,1374.71,87,8.44,4.03,27.27
2025-10-11 08:44:27.334167708,East,Carrier C,Road,286.51,55,4.29,5.03,7.37
2025-10-11 19:40:28.535669584,South,Carrier C,Road,642.64,82,4.18,9.35,16.21
2025-10-12 06:36:29.737171464,North,Carrier D,Sea,80.39,26,3.72,14.03,8.73
2025-10-12 17:32:30.938673340,South,Carrier B,Sea,1198.48,6,9.78,16.49,48.36
2025-10-13 04:28:32.140175216,North,Carrier C,Road,788.1,4,2.53,15.37,17.0
2025-10-13 15:24:33.341677096,South,Carrier C,Sea,1515.98,29,9.08,5.15,48.73
2025-10-14 02:20:34.543178972,East,Carrier B,Rail,778.23,59,7.99,9.06,19.25
2025-10-14 13:16:35.744680848,East,Carrier C,Sea,784.8,98,1.69,5.19,24.31
2025-10-15 00:12:36.946182728,North,Carrier A,Rail,1870.82,17,9.88,6.23,38.1
2025-10-15 11:08:38.147684604,West,Carrier A,Rail,167.95,43,3.44,10.06,5.8
2025-10-15 22:04:39.349186480,North,Carrier B,Rail,2262.09,80,1.89,3.09,34.35
2025-10-16 09:00:40.550688360,North,Carrier D,Rail,2138.05,66,8.46,5.49,37.62
2025-10-16 19:56:41.752190236,South,Carrier D,Road,1686.12,34,7.36,16.97,37.33
2025-10-17 06:52:42.953692112,South,Carrier B,Road,1503.39,8,6.55,9.46,35.02
2025-10-17 17:48:44.155193992,North,Carrier B,Road,2236.14,13,2.4,9.13,38.64
2025-10-18 04:44:45.356695868,East,Carrier A,Air,504.06,8,5.31,2.23,5.38
2025-10-18 15:40:46.558197744,South,Carrier D,Road,243.47,94,8.03,5.96,13.97
2025-10-19 02:36:47.759699624,West,Carrier C,Rail,636.8,96,3.73,15.86,16.44
2025-10-19 13:32:48.961201500,South,Carrier A,Sea,1996.72,100,3.81,4.63,59.98
2025-10-20 00:28:50.162703376,South,Carrier B,Road,134.94,94,1.03,8.64,6.09
2025-10-20 11:24:51.364205256,West,Carrier D,Rail,1477.88,65,2.57,2.23,27.4
2025-10-20 22:20:52.565707132,North,Carrier C,Road,2488.82,43,8.88,9.65,53.28
2025-10-21 09:16:53.767209008,West,Carrier C,Sea,2146.46,39,4.98,2.34,65.07
2025-10-21 20:12:54.968710888,North,Carrier A,Road,1327.54,81,9.86,15.11,33.59
2025-10-22 07:08:56.170212764,North,Carrier D,Rail,205.92,59,4.56,15.2,7.32
2025-10-22 18:04:57.371714640,North,Carrier D,Sea,2086.87,84,7.44,14.6,69.46
2025-10-23 05:00:58.573216520,West,Carrier B,Sea,1517.5,88,3.54,6.53,45.19
2025-10-23 15:56:59.774718396,North,Carrier D,Rail,331.59,86,4.27,15.4,12.39
2025-10-24 02:53:00.976220272,East,Carrier D,Rail,279.95,93,2.72,10.69,4.95
2025-10-24 13:49:02.177722152,West,Carrier A,Rail,2278.59,86,4.12,7.98,33.89
2025-10-25 00:45:03.379224028,East,Carrier D,Sea,1689.54,44,5.93,12.01,55.35
2025-10-25 11:41:04.580725904,North,Carrier C,Rail,2081.75,9,9.93,2.2,42.37
2025-10-25 22:37:05.782227784,South,Carrier A,Road,2203.5,37,6.98,4.29,47.43
2025-10-26 09:33:06.983729660,North,Carrier A,Sea,1450.84,74,2.79,13.88,45.2
2025-10-26 20:29:08.185231536,East,Carrier B,Rail,1317.74,36,1.4,5.91,24.53
2025-10-27 07:25:09.386733416,East,Carrier D,Rail,1104.55,92,2.14,11.57,20.65
2025-10-27 18:21:10.588235292,West,Carrier B,Road,826.52,28,6.06,8.16,21.16
2025-10-28 05:17:11.789737168,South,Carrier C,Rail,1114.76,42,7.89,15.68,22.86
2025-10-28 16:13:12.991239048,West,Carrier A,Road,1946.01,43,9.46,17.24,47.25
2025-10-29 03:09:14.192740924,East,Carrier A,Rail,1524.71,85,1.14,16.14,24.75
2025-10-29 14:05:15.394242800,North,Carrier A,Road,2236.68,88,5.7,6.33,47.29
2025-10-30 01:01:16.595744680,South,Carrier C,Rail,1136.28,42,5.24,5.11,20.75
2025-10-30 11:57:17.797246556,North,Carrier C,Sea,1537.37,66,6.9,9.59,50.66
2025-10-30 22:53:18.998748432,North,Carrier B,Road,1596.7,55,6.04,2.12,34.74
2025-10-31 09:49:20.200250312,South,Carrier B,Sea,1499.66,72,7.18,2.41,49.35
2025-10-31 20:45:21.401752188,West,Carrier B,Road,1771.45,48,6.92,10.85,37.81
2025-11-01 07:41:22.603254064,North,Carrier D,Sea,631.71,91,2.05,10.33,20.69
2025-11-01 18:37:23.804755944,East,Carrier A,Air,1305.29,22,8.2,17.91,8.78
2025-11-02 05:33:25.006257820,North,Carrier A,Rail,305.35,27,2.11,5.23,6.86
2025-11-02 16:29:26.207759696,South,Carrier B,Air,992.05,93,7.29,6.13,4.19
2025-11-03 03:25:27.409261576,South,Carrier A,Sea,1244.78,67,4.75,3.82,38.99
2025-11-03 14:21:28.610763452,South,Carrier B,Road,1647.95,13,5.62,16.68,38.0
2025-11-04 01:17:29.812265328,West,Carrier D,Road,2378.8,45,9.13,14.44,50.4
2025-11-04 12:13:31.013767208,North,Carrier D,Rail,1521.6,10,9.01,15.16,32.05
2025-11-04 23:09:32.215269084,West,Carrier C,Sea,1871.81,100,8.36,16.44,60.04
2025-11-05 10:05:33.416770960,West,Carrier D,Air,1290.35,9,5.59,10.4,9.28
2025-11-05 21:01:34.618272840,South,Carrier B,Air,1603.55,54,7.63,9.22,9.44
2025-11-06 07:57:35.819774716,South,Carrier D,Road,223.78,27,5.62,7.29,8.94
2025-11-06 18:53:37.021276592,West,Carrier C,Sea,673.26,34,8.83,11.43,28.18
2025-11-07 05:49:38.222778472,North,Carrier A,Road,936.54,1,4.62,9.27,18.7
2025-11-07 16:45:39.424280348,East,Carrier B,Rail,1207.61,32,9.73,9.23,29.12
2025-11-08 03:41:40.625782224,West,Carrier A,Road,161.84,89,9.39,16.99,15.2
2025-11-08 14:37:41.827284104,North,Carrier C,Road,393.06,93,7.67,17.74,14.03
2025-11-09 01:33:43.028785980,South,Carrier C,Road,728.2,71,3.51,14.74,17.91
2025-11-09 12:29:44.230287856,South,Carrier C,Road,2430.26,67,2.18,14.11,48.08
2025-11-09 23:25:45.431789736,North,Carrier A,Rail,861.8,84,8.69,12.89,20.8
2025-11-10 10:21:46.633291612,East,Carrier A,Road,1231.0,20,2.49,4.66,22.43
2025-11-10 21:17:47.834793488,South,Carrier A,Road,530.44,94,8.69,2.95,21.84
2025-11-11 08:13:49.036295368,South,Carrier A,Road,1546.41,35,5.42,13.05,32.67
2025-11-11 19:09:50.237797244,South,Carrier C,Road,737.67,99,4.66,13.66,16.73
2025-11-12 06:05:51.439299120,North,Carrier C,Road,557.13,91,9.13,2.75,22.86
2025-11-12 17:01:52.640801000,West,Carrier B,Road,1315.6,90,6.43,16.85,31.7
2025-11-13 03:57:53.842302876,South,Carrier B,Rail,63.49,78,6.19,3.46,7.66
2025-11-13 14:53:55.043804752,West,Carrier A,Rail,68.78,17,6.03,6.57,4.88
2025-11-14 01:49:56.245306632,East,Carrier D,Rail,586.72,18,4.34,12.76,14.49
2025-11-14 12:45:57.446808508,South,Carrier D,Rail,139.97,45,8.07,4.72,16.44
2025-11-14 23:41:58.648310384,South,Carrier C,Road,314.66,93,3.28,2.89,10.93
2025-11-15 10:37:59.849812264,East,Carrier C,Sea,880.21,84,9.45,7.3,35.69
2025-11-15 21:34:01.051314140,South,Carrier C,Rail,2016.33,53,9.05,14.26,39.44
2025-11-16 08:30:02.252816016,West,Carrier B,Rail,1451.52,91,4.04,8.62,24.05
2025-11-16 19:26:03.454317896,North,Carrier B,Road,1306.04,82,7.57,12.45,30.57
2025-11-17 06:22:04.655819772,West,Carrier C,Road,769.05,68,6.16,11.27,19.37
2025-11-17 17:18:05.857321648,North,Carrier C,Road,2332.8,65,4.04,2.36,45.19
2025-11-18 04:14:07.058823528,North,Carrier C,Road,1022.69,1,9.9,17.82,27.72
2025-11-18 15:10:08.260325404,West,Carrier D,Rail,263.38,58,1.23,2.66,4.2
2025-11-19 02:06:09.461827284,West,Carrier B,Rail,1561.81,26,3.27,17.48,25.05
2025-11-19 13:02:10.663329160,West,Carrier D,Rail,328.9,20,5.68,10.8,9.78
2025-11-19 23:58:11.864831036,West,Carrier D,Air,895.8,87,5.7,17.41,7.61
2025-11-20 10:54:13.066332916,East,Carrier C,Sea,1293.16,10,6.3,3.84,43.42
2025-11-20 21:50:14.267834792,South,Carrier C,Air,2191.85,59,7.77,9.85,11.51
2025-11-21 08:46:15.469336668,North,Carrier A,Sea,1259.19,75,6.61,4.71,45.94
2025-11-21 19:42:16.670838548,West,Carrier A,Road,1770.53,41,6.4,2.82,38.76
2025-11-22 06:38:17.872340424,West,Carrier D,Road,2482.4,5,1.48,11.88,51.48
2025-11-22 17:34:19.073842300,West,Carrier B,Road,372.15,65,4.39,5.32,11.93
2025-11-23 04:30:20.275344180,East,Carrier C,Rail,723.09,17,3.09,11.4,12.43
2025-11-23 15:26:21.476846056,West,Carrier C,Sea,1016.71,22,3.39,3.8,35.41
2025-11-24 02:22:22.678347932,West,Carrier D,Road,1083.48,98,5.99,7.31,25.51
2025-11-24 13:18:23.879849812,West,Carrier A,Sea,1057.0,41,2.8,14.51,27.73
2025-11-25 00:14:25.081351688,South,Carrier B,Road,2273.65,93,3.65,8.99,44.98
2025-11-25 11:10:26.282853564,East,Carrier A,Sea,1799.38,68,3.13,12.04,54.0
2025-11-25 22:06:27.484355444,West,Carrier A,Road,1539.37,69,9.54,12.36,41.06
2025-11-26 09:02:28.685857320,North,Carrier A,Road,807.96,11,9.5,15.5,22.22
2025-11-26 19:58:29.887359196,North,Carrier A,Rail,2068.29,56,6.49,7.2,35.3
2025-11-27 06:54:31.088861076,North,Carrier C,Road,2389.9,51,9.32,13.0,55.56
2025-11-27 17:50:32.290362952,East,Carrier C,Road,2061.94,21,8.07,17.39,46.43
2025-11-28 04:46:33.491864828,East,Carrier A,Road,53.83,99,6.31,13.68,6.91
2025-11-28 15:42:34.693366708,North,Carrier B,Sea,1609.18,76,1.06,9.84,45.37
2025-11-29 02:38:35.894868584,West,Carrier D,Rail,175.28,26,7.95,12.09,11.23
2025-11-29 13:34:37.096370460,East,Carrier B,Road,681.14,19,7.32,13.83,19.64
2025-11-30 00:30:38.297872340,North,Carrier B,Rail,195.84,60,6.54,11.8,7.65
2025-11-30 11:26:39.499374216,North,Carrier B,Air,1529.3,71,7.84,2.27,8.62
2025-11-30 22:22:40.700876092,West,Carrier A,Road,1732.15,47,5.62,5.12,35.32
2025-12-01 09:18:41.902377972,South,Carrier C,Road,330.49,71,7.34,14.97,11.16
2025-12-01 20:14:43.103879848,East,Carrier B,Road,990.41,26,9.42,6.36,29.48
2025-12-02 07:10:44.305381724,West,Carrier A,Road,1167.78,40,4.38,13.7,27.37
2025-12-02 18:06:45.506883604,North,Carrier B,Rail,954.18,5,7.37,7.95,23.06
2025-12-03 05:02:46.708385480,North,Carrier B,Road,346.51,21,5.28,10.35,11.59
2025-12-03 15:58:47.909887356,West,Carrier A,Rail,1076.42,78,7.07,3.09,21.91
2025-12-04 02:54:49.111389236,East,Carrier C,Air,1890.39,4,7.87,4.9,10.28
2025-12-04 13:50:50.312891112,South,Carrier C,Road,223.97,23,1.41,17.32,7.73
2025-12-05 00:46:51.514392988,South,Carrier D,Rail,246.44,84,6.82,16.24,6.34
2025-12-05 11:42:52.715894868,North,Carrier A,Road,919.19,15,3.04,12.44,18.62
2025-12-05 22:38:53.917396744,East,Carrier D,Sea,2357.23,93,7.03,9.35,72.43
2025-12-06 09:34:55.118898620,South,Carrier D,Rail,1688.0,8,5.21,12.81,32.32
2025-12-06 20:30:56.320400500,East,Carrier D,Sea,1712.74,41,7.96,11.9,55.85
2025-12-07 07:26:57.521902376,East,Carrier C,Rail,936.7,19,2.11,11.1,11.89
2025-12-07 18:22:58.723404252,North,Carrier A,Road,1504.47,46,6.64,2.95,34.48
2025-12-08 05:18:59.924906132,South,Carrier D,Rail,74.82,28,3.51,12.12,3.76
2025-12-08 16:15:01.126408008,West,Carrier A,Sea,1608.44,91,8.68,14.3,53.41
2025-12-09 03:11:02.327909884,North,Carrier A,Rail,2287.55,68,9.36,17.91,40.58
2025-12-09 14:07:03.529411764,South,Carrier C,Sea,1550.8,15,9.97,2.18,52.74
2025-12-10 01:03:04.730913640,South,Carrier D,Sea,2190.56,99,8.16,13.68,72.31
2025-12-10 11:59:05.932415516,South,Carrier D,Road,1823.73,37,7.78,11.15,41.43
2025-12-10 22:55:07.133917396,South,Carrier A,Road,345.37,1,2.94,8.94,8.78
2025-12-11 09:51:08.335419272,South,Carrier B,Rail,2261.01,67,4.02,4.04,33.91
2025-12-11 20:47:09.536921148,East,Carrier C,Road,212.79,24,5.19,8.55,8.69
2025-12-12 07:43:10.738423028,North,Carrier C,Sea,1358.22,27,7.96,7.67,47.34
2025-12-12 18:39:11.939924904,East,Carrier C,Sea,398.24,40,9.23,6.85,21.27
2025-12-13 05:35:13.141426780,West,Carrier C,Road,78.68,63,2.7,13.69,4.49
2025-12-13 16:31:14.342928660,South,Carrier D,Road,1083.98,61,9.3,13.21,26.98
2025-12-14 03:27:15.544430536,North,Carrier D,Air,772.85,36,7.26,11.42,3.16
2025-12-14 14:23:16.745932412,South,Carrier B,Road,1240.7,98,6.5,17.02,33.01
2025-12-15 01:19:17.947434292,North,Carrier C,Sea,1464.14,93,2.8,7.6,41.75
2025-12-15 12:15:19.148936168,East,Carrier C,Road,157.16,24,1.5,5.9,1.0
2025-12-15 23:11:20.350438044,North,Carrier A,Rail,351.36,24,6.12,12.49,11.42
2025-12-16 10:07:21.551939924,West,Carrier D,Road,1418.67,4,6.86,5.18,28.9
2025-12-16 21:03:22.753441800,West,Carrier C,Rail,890.76,67,2.9,7.04,13.85
2025-12-17 07:59:23.954943676,North,Carrier B,Rail,1836.48,34,6.01,5.59,33.45
2025-12-17 18:55:25.156445556,North,Carrier B,Rail,1648.11,57,8.71,3.11,36.15
2025-12-18 05:51:26.357947432,North,Carrier D,Road,2121.73,49,8.52,15.24,47.95
2025-12-18 16:47:27.559449308,North,Carrier B,Air,1746.61,87,9.35,6.07,11.07
2025-12-19 03:43:28.760951188,West,Carrier B,Sea,1103.33,53,4.29,9.57,35.7
2025-12-19 14:39:29.962453064,South,Carrier D,Road,1698.77,23,3.86,2.69,30.77
2025-12-20 01:35:31.163954940,North,Carrier C,Road,724.68,69,7.74,13.19,19.93
2025-12-20 12:31:32.365456820,North,Carrier C,Road,800.47,95,4.88,7.29,18.44
2025-12-20 23:27:33.566958696,West,Carrier B,Rail,1983.01,53,1.79,13.92,30.45
2025-12-21 10:23:34.768460572,West,Carrier B,Rail,1143.73,62,3.55,8.6,24.16
2025-12-21 21:19:35.969962452,East,Carrier C,Rail,2006.03,41,4.77,5.13,29.16
2025-12-22 08:15:37.171464328,North,Carrier D,Road,2064.93,57,3.63,10.21,40.28
2025-12-22 19:11:38.372966204,East,Carrier B,Road,2151.03,60,3.99,4.09,39.07
2025-12-23 06:07:39.574468084,West,Carrier A,Rail,2295.76,54,3.64,9.05,35.33
2025-12-23 17:03:40.775969960,West,Carrier D,Rail,1105.91,70,1.37,7.08,15.27
2025-12-24 03:59:41.977471836,South,Carrier B,Sea,831.22,57,6.73,16.59,27.2
2025-12-24 14:55:43.178973716,North,Carrier B,Road,1476.39,10,6.38,2.97,35.23
2025-12-25 01:51:44.380475592,East,Carrier A,Rail,959.37,40,6.88,13.1,21.15
2025-12-25 12:47:45.581977468,West,Carrier A,Road,1522.63,7,2.73,4.92,32.17
2025-12-25 23:43:46.783479348,West,Carrier C,Road,1778.69,38,3.66,7.1,34.83
2025-12-26 10:39:47.984981224,East,Carrier D,Air,1736.59,85,6.58,8.65,9.09
2025-12-26 21:35:49.186483100,South,Carrier D,Rail,967.65,61,6.4,16.53,23.73
2025-12-27 08:31:50.387984980,West,Carrier C,Sea,458.81,84,5.56,5.88,18.66
2025-12-27 19:27:51.589486856,North,Carrier D,Road,1104.8,3,4.15,3.46,26.02
2025-12-28 06:23:52.790988732,West,Carrier D,Road,399.36,51,9.22,7.1,15.12
2025-12-28 17:19:53.992490612,North,Carrier D,Air,2230.74,86,4.06,3.67,9.07
2025-12-29 04:15:55.193992488,East,Carrier D,Rail,897.4,47,5.1,4.06,16.71
2025-12-29 15:11:56.395494364,North,Carrier D,Road,428.43,68,7.1,11.18,10.72
2025-12-30 02:07:57.596996244,East,Carrier A,Road,112.35,92,5.89,2.97,7.91
2025-12-30 13:03:58.798498120,North,Carrier D,Road,1632.26,76,4.12,2.49,32.76
2025-12-31 00:00:00.000000000,East,Carrier A,Sea,1610.41,38,4.92,13.43,47.36
